# [NETLIFY] Redirect default Netlify subdomain to primary domain
https://nuxt.netlify.com/* https://nuxtjs.org/:splat 301!
# [SUBDOMAIN] Redirect www.nuxtjs.org to nuxtjs.org
https://www.nuxtjs.org/* https://nuxtjs.org/:splat 301!
# [LEGACY] Redirect URLs (FROM, TO, 301!)
/logos /design 301!
/guides/* /docs/2.x/:splat 301!
# [LEGACY] Redirect GUIDE URLs
/guide/themes /themes 301!
/guide/typescript https://typescript.nuxtjs.org/ 301!
/guide/contribution-guide https://github.com/nuxt/nuxtjs.org/blob/master/content/en/_archives/guide/contribution-guide.md 301!
/guide /docs/2.x/concepts/nuxt-lifecycle 301!
/guide/assets /docs/2.x/directory-structure/assets 301!
/guide/async-data /docs/2.x/features/data-fetching#async-data 301!
/guide/commands /docs/2.x/get-started/commands 301!
/guide/configuration /docs/2.x/directory-structure/nuxt-config 301!
/guide/development-tools /docs/2.x/features/configuration 301!
/guide/directory-structure /docs/2.x/get-started/directory-structure 301!
/guide/installation /docs/2.x/get-started/installation 301!
/guide/modules /docs/2.x/directory-structure/modules 301!
/guide/plugins /docs/2.x/directory-structure/plugins 301!
/guide/release-notes /docs/release-notes 301!
/docs/2.x/release-notes /docs/release-notes 301!
/guide/routing /docs/2.x/get-started/routing 301!
/guide/runtime-config /docs/2.x/configuration-glossary/configuration-runtime-config 301!
/guide/upgrading /docs/2.x/get-started/upgrading 301!
/guide/views /docs/2.x/concepts/views 301!
/guide/vuex-store /docs/2.x/directory-structure/store 301!
# [LEGACY] Redirect API URLs
/api/components-no-ssr /api/components-client-only 301!
/api/$nuxt /docs/2.x/internals-glossary/$nuxt 301!
/api/components-client-only /docs/2.x/features/nuxt-components#the-client-only-component 301!
/api/components-nuxt-child /docs/2.x/features/nuxt-components#the-nuxtchild-component 301!
/api/components-nuxt-link /docs/2.x/features/nuxt-components#the-nuxtlink-component 301!
/api/components-nuxt /docs/2.x/features/nuxt-components#the-nuxt-component 301!
/api/configuration-build /docs/2.x/configuration-glossary/configuration-build 301!
/api/configuration-builddir /docs/2.x/configuration-glossary/configuration-builddir 301!
/api/configuration-cli /docs/2.x/configuration-glossary/configuration-cli 301!
/api/configuration-components /docs/2.x/configuration-glossary/configuration-components 301!
/api/configuration-css /docs/2.x/configuration-glossary/configuration-css 301!
/api/configuration-dev /docs/2.x/configuration-glossary/configuration-dev 301!
/api/configuration-dir /docs/2.x/configuration-glossary/configuration-dir 301!
/api/configuration-env /docs/2.x/configuration-glossary/configuration-env 301!
/api/configuration-extend-plugins /docs/2.x/configuration-glossary/configuration-extend-plugins 301!
/api/configuration-generate /docs/2.x/configuration-glossary/configuration-generate 301!
/api/configuration-global-name /docs/2.x/configuration-glossary/configuration-global-name 301!
/api/configuration-head /docs/2.x/configuration-glossary/configuration-head 301!
/api/configuration-hooks /docs/2.x/configuration-glossary/configuration-hooks 301!
/api/configuration-ignore /docs/2.x/configuration-glossary/configuration-ignore 301!
/api/configuration-loading /docs/2.x/configuration-glossary/configuration-loading 301!
/api/configuration-loading-indicator /docs/2.x/configuration-glossary/configuration-loading-indicator 301!
/api/configuration-mode /docs/2.x/configuration-glossary/configuration-mode 301!
/api/configuration-modern /docs/2.x/configuration-glossary/configuration-modern 301!
/api/configuration-modules /docs/2.x/configuration-glossary/configuration-modules 301!
/api/configuration-modulesdir /docs/2.x/configuration-glossary/configuration-modulesdir 301!
/api/configuration-plugins /docs/2.x/configuration-glossary/configuration-plugins 301!
/api/configuration-render /docs/2.x/configuration-glossary/configuration-render 301!
/api/configuration-rootdir /docs/2.x/configuration-glossary/configuration-rootdir 301!
/api/configuration-router /docs/2.x/configuration-glossary/configuration-router 301!
/api/configuration-runtime-config /docs/2.x/configuration-glossary/configuration-runtime-config 301!
/api/configuration-server /docs/2.x/configuration-glossary/configuration-server 301!
/api/configuration-servermiddleware /docs/2.x/configuration-glossary/configuration-servermiddleware  301!
/api/configuration-srcdir /docs/2.x/configuration-glossary/configuration-srcdir 301!
/api/configuration-target /docs/2.x/configuration-glossary/configuration-target 301!
/api/configuration-telemetry /docs/2.x/configuration-glossary/configuration-telemetry 301!
/api/configuration-transition /docs/2.x/configuration-glossary/configuration-transition 301!
/api/configuration-vue-config /docs/2.x/configuration-glossary/configuration-vue-config 301!
/api/configuration-watch /docs/2.x/configuration-glossary/configuration-watch 301!
/api/configuration-watchers /docs/2.x/configuration-glossary/configuration-watchers 301!
/api/context /docs/2.x/internals-glossary/context 301!
/api /docs/2.x/internals-glossary/context 301!
/api/internals-builder /docs/2.x/internals-glossary/internals-builder 301!
/api/internals-generator /docs/2.x/internals-glossary/internals-generator 301!
/api/internals-module-container /docs/2.x/internals-glossary/internals-module-container 301!
/api/internals-nuxt /docs/2.x/internals-glossary/internals-nuxt 301!
/api/internals /docs/2.x/internals-glossary/internals 301!
/api/nuxt-render-and-get-window /docs/2.x/internals-glossary/nuxt-render-and-get-window 301!
/api/nuxt-render-route /docs/2.x/internals-glossary/nuxt-render-route 301!
/api/nuxt-render /docs/2.x/internals-glossary/nuxt-render 301!
/api/nuxt /docs/2.x/internals-glossary/nuxt 301!
/api/pages-fetch /docs/2.x/components-glossary/pages-fetch 301!
/api/pages-head /docs/2.x/components-glossary/pages-head 301!
/api/pages-key /docs/2.x/components-glossary/pages-key 301!
/api/pages-layout /docs/2.x/components-glossary/pages-layout 301!
/api/pages-loading /docs/2.x/components-glossary/pages-loading 301!
/api/pages-middleware /docs/2.x/components-glossary/pages-middleware 301!
/api/pages-scrolltotop /docs/2.x/components-glossary/pages-scrolltotop 301!
/api/pages-transition /docs/2.x/components-glossary/pages-transition 301!
/api/pages-validate /docs/2.x/components-glossary/pages-validate 301!
/api/pages-watchquery /docs/2.x/components-glossary/pages-watchquery 301!
/examples/custom-loading /examples/custom-loading-component 301!
/examples/custom-routes /examples/routing-dynamic-pages 301!
/examples/global/css /examples/pre-processors 301!
/examples/middleware /examples/middleware-named 301!
/examples/nested-routes /examples/routing-nested-pages 301!
/examples/named-views /examples/routing-nested-pages 301!
/examples/routes-transitions /examples/transitions 301!
/examples/plugins /examples/plugins-external-packages 301!
/examples/auth-external-jwt /faq/auth-external-jwt 301!
/examples/testing /faq 301!
/examples/async-data /examples/data-fetching-async-data 301!
/examples/i18n https://i18n.nuxtjs.org/ 301!

# [LEGACY] Redirect FAQ URLs
/faq/google-analytics /faq/ga 301!
